,target
0,7400
1,8650
2,9150
3,10400
4,8697
5,8697
6,8697
7,8697
8,9900
9,8650
10,7400
11,8650
12,8697
13,8697
14,8697
15,8697
16,10227
17,8739
18,10227
19,8739
20,10227
21,8739
22,9900
23,8650
24,7400
25,8650
26,8697
27,8697
28,8697
29,8697
30,8697
31,8697
32,8697
33,8697
34,10227
35,10227
36,8739
37,10227
38,8739
39,8739
40,10400
41,7400
42,8650
43,9150
44,7400
45,8650
46,9150
47,10400
48,13097
49,13097
50,13097
51,13097
52,8739
53,10227
54,8739
55,10227
56,8739
57,10227
58,8650
59,8650
60,9900
61,7400
62,8697
63,13097
64,13097
65,8739
66,10227
67,8739
68,10227
69,8739
70,10227
71,7400
72,8650
73,8650
74,9900
75,8697
76,9877
77,8697
78,10721
79,8910
80,10160
81,10665
82,11915
83,11716
84,10227
85,10227
86,8739
87,8739
88,10227
89,8697
90,8697
91,8697
92,8697
93,9900
94,8650
95,8650
96,7400
97,8739
98,10227
99,10227
100,10227
101,8739
102,8739
103,8697
104,8697
105,8697
106,8697
107,8697
108,8697
109,8697
110,8697
111,10227
112,8739
113,10227
114,8739
115,8739
116,10227
117,7400
118,8650
119,8650
120,9900
121,8739
122,10227
123,8739
124,10227
125,10227
126,8739
127,7400
128,8650
129,8650
130,9900
131,10721
132,9877
133,9877
134,10227
135,11716
136,11716
137,8739
138,10227
139,10227
140,8697
141,9877
142,8697
143,8697
144,8395
145,9900
146,8650
147,9645
148,10227
149,8739
150,8739
151,10227
152,8739
153,10227
154,13097
155,11742
156,13097
157,8739
158,10227
159,8739
160,10227
161,8739
162,10227
163,9877
164,9877
165,10721
166,9877
167,9877
168,10721
169,10227
170,10227
171,11716
172,11716
173,8739
174,10227
175,8739
176,10227
177,10227
178,11716
179,10227
180,11716
181,8697
182,8697
183,8697
184,8697
185,8739
186,10227
187,8739
188,10227
189,8739
190,10227
191,7400
192,8650
193,8650
194,9900
195,8697
196,8697
197,8697
198,8697
199,10227
200,8739
201,10227
202,8739
203,10227
204,10400
205,9150
206,8650
207,7400
208,8739
209,18156
210,9877
211,9877
212,9877
213,10721
214,8739
215,11716
216,10227
217,10227
218,8739
219,10227
220,8697
221,9877
222,8697
223,8697
224,8650
225,9645
226,9900
227,8395
228,11716
229,10227
230,10227
231,8739
232,10227
233,8739
234,8697
235,8697
236,8697
237,8697
238,7400
239,9900
240,8650
241,8650
242,10227
243,8739
244,10227
245,8739
246,10227
247,8739
248,13097
249,13097
250,8697
251,13097
252,8739
253,10227
254,8739
255,10227
256,8739
257,10227
258,9900
259,8650
260,8650
261,7400
262,7400
263,8650
264,8650
265,9900
266,8697
267,8697
268,8697
269,8697
270,10227
271,10227
272,8739
273,10227
274,8739
275,8739
276,7400
277,8650
278,9150
279,10400
280,8697
281,8697
282,8697
283,8697
284,10227
285,10227
286,8739
287,8739
288,8739
289,10227
290,10400
291,7400
292,8650
293,9150
294,8697
295,8697
296,8697
297,8697
298,7400
299,8650
300,9900
301,8650
302,8739
303,8739
304,10227
305,8739
306,10227
307,10227
308,13097
309,13097
310,13097
311,13097
312,8697
313,8697
314,8697
315,8697
316,8739
317,10227
318,8739
319,10227
320,10227
321,8739
322,10227
323,8739
324,10227
325,8739
326,10227
327,8739
328,8650
329,8650
330,9900
331,7400
332,8697
333,8697
334,8697
335,8697
336,8697
337,8697
338,8697
339,8697
340,9900
341,8650
342,8650
343,7400
344,8739
345,10227
346,8739
347,10227
348,10227
349,8739
350,9900
351,8650
352,8650
353,7400
354,8739
355,10227
356,10227
357,8739
358,8739
359,10227
360,14267
361,11742
362,13097
363,10227
364,10227
365,8739
366,8739
367,10227
368,8739
369,8697
370,8697
371,8697
372,8697
373,8739
374,10227
375,8739
376,10227
377,8739
378,10227
379,10227
380,8739
381,10227
382,10227
383,8739
384,8739
385,7400
386,8650
387,8650
388,9900
389,7400
390,8650
391,8650
392,9900
393,8697
394,8697
395,8697
396,8697
397,9877
398,9877
399,9877
400,8739
401,10227
402,10227
403,11716
404,10227
405,11716
406,9877
407,9877
408,10721
409,10227
410,11716
411,11716
412,10227
413,10227
414,8739
415,9877
416,9877
417,10721
418,11716
419,10227
420,11716
421,10227
422,10227
423,8739
424,13097
425,11742
426,13097
427,10227
428,8739
429,10227
430,10227
431,8739
432,8739
433,8697
434,8697
435,8697
436,8697
437,7400
438,8650
439,8650
440,9900
441,10227
442,8739
443,10227
444,8739
445,10227
446,8739
447,8697
448,8697
449,8697
450,8697
451,9900
452,8650
453,7400
454,8650
455,8739
456,10227
457,8739
458,10227
459,8739
460,10227
461,8910
462,10160
463,10665
464,11915
465,8739
466,10227
467,8739
468,10227
469,10227
470,11716
471,8405
472,9655
473,8697
474,8697
475,8697
476,8697
477,7400
478,8650
479,8650
480,9900
481,8739
482,10227
483,10227
484,10227
485,8739
486,8739
487,8697
488,9877
489,8697
490,8697
491,8697
492,9877
493,8697
494,8697
495,9900
496,8650
497,9645
498,8395
499,8739
500,10227
501,8739
502,10227
503,8739
504,10227
505,9900
506,8650
507,8395
508,9645
509,8739
510,10227
511,8739
512,10227
513,8739
514,10227
515,8697
516,8697
517,8697
518,8697
519,8739
520,10227
521,10227
522,8739
523,10227
524,8739
525,7400
526,8650
527,8650
528,9900
529,13097
530,13097
531,13097
532,13097
533,8739
534,10227
535,8739
536,10227
537,8739
538,10227
539,8650
540,9900
541,7400
542,8650
543,9877
544,9877
545,9877
546,10721
547,10721
548,9877
549,9877
550,9877
551,8739
552,10227
553,8739
554,10227
555,10227
556,11716
557,11716
558,10227
559,10227
560,10227
561,8739
562,8739
563,10227
564,10227
565,8739
566,10227
567,8739
568,8739
569,7400
570,8650
571,8650
572,9900
573,8697
574,8697
575,8697
576,8697
577,10227
578,8739
579,8739
580,10227
581,8739
582,10227
583,8650
584,9900
585,7400
586,8650
587,11742
588,13097
589,13097
590,8739
591,10227
592,8739
593,10227
594,8739
595,10227
596,10721
597,9877
598,9877
599,8739
600,10227
601,10227
602,11716
603,10227
604,11716
605,8697
606,8697
607,8697
608,8739
609,10227
610,8739
611,10227
612,8739
613,10227
614,7400
615,8650
616,8650
617,9900
618,10721
619,8697
620,9877
621,9877
622,10227
623,10227
624,10227
625,8739
626,11716
627,8739
628,10665
629,10160
630,8910
631,11915
632,8697
633,8697
634,9877
635,8697
636,10227
637,8739
638,10227
639,8739
640,8739
641,10227
642,8395
643,9645
644,8650
645,9900
646,8697
647,8697
648,8697
649,8697
650,8739
651,10227
652,8739
653,10227
654,8739
655,10227
656,8650
657,9900
658,7400
659,8650
660,8405
661,9655
662,8697
663,8697
664,8697
665,8739
666,10227
667,8739
668,10227
669,8739
670,10227
671,10400
672,8650
673,7400
674,9150
675,8697
676,8697
677,8697
678,10227
679,8739
680,10227
681,8739
682,10227
683,8739
684,9900
685,8650
686,8650
687,7400
688,8697
689,8697
690,8697
691,8697
692,8739
693,10227
694,8739
695,10227
696,10227
697,8739
698,7400
699,8650
700,8650
701,9900
702,8697
703,9877
704,8697
705,8697
706,8739
707,10227
708,8739
709,10227
710,10227
711,11716
712,8395
713,9645
714,8650
715,9900
716,8697
717,8697
718,8697
719,8697
720,10227
721,8739
722,10227
723,10227
724,8739
725,8739
726,8697
727,8697
728,8697
729,8697
730,8739
731,10227
732,8739
733,8739
734,10227
735,10227
736,7400
737,8650
738,8650
739,9900
740,8650
741,7400
742,9900
743,8650
744,8697
745,8697
746,8697
747,8697
748,8739
749,10227
750,8739
751,10227
752,8739
753,10227
754,7400
755,8650
756,8650
757,9900
758,8739
759,10227
760,10227
761,8739
762,10227
763,8739
764,7400
765,8650
766,8650
767,9900
768,18156
769,8697
770,8697
771,8697
772,8697
773,10227
774,8739
775,10227
776,8739
777,10227
778,8739
779,7400
780,9150
781,10400
782,8650
783,13097
784,11742
785,13097
786,8739
787,10227
788,10227
789,10227
790,8739
791,8739
792,9877
793,9877
794,10721
795,10227
796,11716
797,10227
798,10227
799,8739
800,11716
801,10721
802,8697
803,9877
804,8697
805,10665
806,11915
807,8739
808,8739
809,10227
810,10227
811,10227
812,11716
813,8697
814,8697
815,8697
816,8697
817,7400
818,8650
819,9150
820,10400
821,10227
822,8739
823,8739
824,10227
825,10227
826,8739
827,8697
828,8697
829,8697
830,8697
831,7400
832,8650
833,9150
834,10400
835,10227
836,8739
837,10227
838,8739
839,8739
840,10227
841,8697
842,8697
843,8697
844,9900
845,8650
846,8650
847,7400
848,8739
849,10227
850,10227
851,8739
852,8739
853,10227
854,8405
855,9655
856,8697
857,8697
858,8697
859,7400
860,8650
861,9150
862,10400
863,8739
864,10227
865,8739
866,10227
867,10227
868,8739
869,8697
870,8697
871,8697
872,7400
873,8650
874,9900
875,8650
876,8739
877,10227
878,8739
879,10227
880,8739
881,10227
882,8697
883,8697
884,8697
885,8697
886,8650
887,9150
888,10400
889,7400
890,10227
891,8739
892,10227
893,8739
894,10227
895,8739
896,8697
897,8697
898,8697
899,8697
900,8739
901,10227
902,8739
903,8739
904,10227
905,10227
906,7400
907,8650
908,8650
909,9900
910,8697
911,8697
912,8697
913,7400
914,8650
915,8650
916,9900
917,8739
918,10227
919,8739
920,10227
921,8739
922,10227
923,8697
924,8697
925,8697
926,10227
927,8739
928,10227
929,8739
930,8739
931,10227
932,10400
933,7400
934,8650
935,9150
936,13097
937,13097
938,13097
939,8697
940,8739
941,10227
942,8739
943,10227
944,8739
945,10227
946,9405
947,8155
948,9405
949,8155
950,8155
951,9405
952,13097
953,13097
954,13097
955,13097
956,8739
957,10227
958,10227
959,8739
960,10227
961,8739
962,8155
963,9405
964,9405
965,8155
966,9405
967,8155
968,13097
969,8697
970,13097
971,13097
972,10227
973,8739
974,10227
975,8739
976,10227
977,8739
978,8155
979,9405
980,8155
981,9405
982,9405
983,8155
984,8697
985,8697
986,8697
987,7400
988,8650
989,9150
990,10400
991,10227
992,8739
993,8739
994,10227
995,8739
996,10227
997,8697
998,8697
999,8697
1000,8697
1001,8739
1002,10227
1003,8739
1004,10227
1005,8739
1006,10227
1007,9900
1008,8650
1009,8650
1010,7400
1011,7400
1012,8650
1013,9150
1014,10400
1015,10227
1016,8739
1017,8739
1018,10227
1019,8739
1020,10227
1021,8697
1022,8697
1023,8697
1024,8697
1025,13097
1026,13097
1027,13097
1028,13097
1029,10227
1030,8739
1031,8739
1032,10227
1033,8739
1034,10227
1035,9405
1036,8155
1037,8155
1038,9405
1039,8155
1040,9405
1041,13097
1042,11742
1043,13097
1044,10227
1045,8739
1046,10227
1047,10227
1048,8739
1049,8739
1050,8697
1051,8697
1052,8697
1053,8697
1054,9900
1055,8650
1056,8650
1057,7400
1058,10227
1059,8739
1060,8739
1061,10227
1062,8739
1063,10227
1064,8697
1065,9877
1066,8697
1067,8697
1068,10227
1069,8739
1070,10227
1071,8739
1072,10227
1073,8739
1074,8395
1075,9645
1076,8650
1077,9900
1078,8697
1079,8697
1080,8697
1081,9150
1082,10400
1083,7400
1084,8650
1085,8739
1086,10227
1087,10227
1088,8739
1089,8739
1090,10227
1091,11420
1092,12670
1093,9877
1094,9877
1095,9877
1096,9877
1097,11716
1098,10227
1099,11716
1100,10227
1101,8739
1102,10227
1103,10721
1104,9877
1105,9877
1106,9655
1107,8405
1108,10160
1109,11410
1110,8739
1111,10227
1112,10227
1113,11716
1114,10227
1115,11716
1116,8697
1117,8697
1118,8697
1119,10227
1120,8739
1121,8739
1122,10227
1123,10227
1124,8739
1125,7400
1126,8650
1127,9900
1128,8650
1129,9877
1130,9877
1131,10721
1132,8405
1133,9655
1134,10227
1135,11716
1136,10227
1137,11716
1138,10227
1139,8739
1140,8697
1141,8697
1142,8697
1143,8697
1144,8739
1145,10227
1146,8739
1147,10227
1148,10227
1149,8739
1150,7400
1151,8650
1152,9900
1153,8650
1154,8697
1155,8697
1156,8697
1157,8697
1158,8697
1159,8697
1160,8697
1161,8697
1162,8739
1163,10227
1164,8739
1165,10227
1166,8739
1167,10227
1168,9900
1169,8650
1170,8650
1171,7400
1172,8697
1173,8697
1174,8697
1175,8697
1176,8739
1177,10227
1178,8739
1179,10227
1180,8739
1181,10227
1182,7400
1183,8650
1184,8650
1185,9900
1186,13097
1187,10721
1188,13097
1189,10227
1190,10227
1191,8739
1192,10227
1193,8739
1194,8739
1195,8697
1196,8697
1197,8697
1198,8697
1199,8697
1200,8697
1201,10227
1202,8739
1203,8739
1204,10227
1205,10227
1206,8739
1207,9900
1208,7400
1209,8650
1210,8650
1211,8650
1212,9900
1213,7400
1214,8650
1215,10227
1216,8739
1217,10227
1218,8739
1219,10227
1220,8739
1221,8697
1222,8697
1223,8697
1224,8650
1225,8650
1226,7400
1227,9900
1228,8739
1229,8739
1230,10227
1231,10227
1232,8739
1233,10227
1234,12425
1235,8910
1236,10160
1237,13675
1238,13097
1239,13097
1240,8697
1241,13097
1242,10227
1243,8739
1244,10227
1245,8739
1246,8739
1247,10227
1248,9405
1249,8155
1250,8155
1251,9405
1252,8155
1253,9405
1254,8697
1255,8697
1256,8697
1257,8697
1258,8650
1259,7400
1260,10400
1261,9150
1262,8739
1263,10227
1264,8739
1265,10227
1266,8739
1267,10227
1268,13097
1269,13097
1270,13097
1271,13097
1272,8739
1273,10227
1274,10227
1275,8739
1276,10227
1277,8739
1278,8155
1279,9405
1280,9405
1281,8155
1282,8155
1283,9405
1284,13097
1285,13097
1286,8697
1287,8739
1288,10227
1289,8739
1290,10227
1291,8739
1292,10227
1293,8650
1294,8650
1295,9900
1296,7400
1297,8697
1298,8697
1299,8697
1300,9877
1301,10665
1302,11915
1303,10227
1304,10227
1305,8739
1306,10227
1307,8739
1308,11716
1309,8697
1310,8697
1311,8697
1312,8697
1313,7400
1314,8650
1315,8650
1316,9900
1317,10227
1318,8739
1319,8739
1320,10227
1321,10227
1322,8739
1323,9877
1324,9877
1325,11742
1326,9655
1327,8405
1328,10227
1329,8739
1330,11716
1331,10227
1332,10227
1333,11716
1334,8697
1335,8697
1336,8697
1337,8697
1338,7400
1339,8650
1340,9150
1341,10400
1342,8739
1343,8739
1344,10227
1345,8739
1346,10227
1347,10227
1348,9877
1349,9877
1350,9877
1351,9877
1352,8739
1353,10227
1354,10227
1355,11716
1356,8739
1357,10227
1358,8697
1359,8697
1360,8697
1361,8697
1362,10227
1363,10227
1364,8739
1365,8739
1366,8739
1367,10227
1368,7400
1369,8650
1370,9150
1371,10400
1372,18156
1373,19845
1374,14691
1375,16178
1376,8697
1377,8697
1378,8697
1379,7400
1380,8650
1381,9150
1382,10400
1383,8697
1384,8697
1385,8697
1386,8697
1387,8739
1388,10227
1389,8739
1390,10227
1391,8739
1392,10227
1393,7400
1394,8650
1395,8650
1396,9900
1397,8697
1398,8697
1399,8697
1400,8697
1401,7400
1402,8650
1403,8650
1404,9900
1405,8739
1406,10227
1407,8739
1408,10227
1409,8739
1410,10227
1411,8697
1412,8697
1413,8697
1414,8697
1415,7400
1416,8650
1417,8650
1418,9900
1419,8739
1420,10227
1421,8739
1422,10227
1423,8739
1424,10227
1425,13097
1426,11742
1427,14267
1428,10227
1429,10227
1430,8739
1431,8739
1432,10227
1433,8739
1434,13097
1435,13097
1436,13097
1437,13097
1438,10227
1439,10227
1440,8739
1441,10227
1442,8739
1443,8739
1444,7400
1445,8650
1446,8650
1447,9900
1448,13097
1449,13097
1450,10721
1451,12425
1452,13675
1453,10227
1454,8739
1455,8739
1456,10227
1457,8739
1458,10227
1459,8697
1460,8697
1461,8697
1462,9877
1463,10227
1464,8739
1465,10227
1466,8739
1467,8739
1468,10227
1469,9900
1470,9645
1471,8395
1472,8650
1473,8697
1474,8697
1475,8697
1476,8697
1477,8739
1478,10227
1479,8739
1480,10227
1481,8739
1482,10227
1483,9900
1484,7400
1485,8650
1486,8650
1487,8697
1488,13097
1489,13097
1490,13097
1491,8739
1492,10227
1493,10227
1494,8739
1495,10227
1496,8739
1497,9405
1498,8155
1499,9405
1500,8155
1501,9405
1502,8155
1503,13097
1504,13097
1505,10721
1506,8739
1507,8739
1508,10227
1509,8739
1510,10227
1511,10227
1512,13675
1513,12425
1514,10160
1515,8910
1516,9877
1517,11742
1518,9877
1519,8739
1520,10227
1521,10227
1522,11716
1523,10227
1524,11716
1525,8405
1526,9655
1527,10160
1528,11410
1529,8697
1530,8697
1531,8697
1532,8739
1533,8739
1534,8739
1535,10227
1536,10227
1537,10227
1538,7400
1539,9900
1540,8650
1541,8650
1542,19845
1543,14691
1544,16178
1545,8697
1546,8697
1547,8697
1548,8739
1549,10227
1550,8739
1551,10227
1552,8739
1553,10227
1554,7400
1555,8650
1556,9900
1557,8650
1558,9877
1559,8697
1560,8697
1561,9877
1562,11716
1563,10227
1564,10227
1565,10227
1566,8739
1567,8739
1568,9877
1569,9877
1570,8697
1571,9877
1572,10227
1573,8739
1574,10227
1575,10227
1576,11716
1577,8739
1578,8697
1579,8697
1580,8697
1581,8697
1582,8739
1583,10227
1584,8739
1585,10227
1586,8739
1587,10227
1588,10400
1589,9150
1590,9150
1591,7900
1592,8697
1593,8697
1594,8697
1595,8697
1596,8697
1597,8697
1598,8697
1599,8697
1600,8650
1601,8650
1602,9900
1603,7400
1604,7400
1605,8650
1606,8650
1607,9900
1608,8739
1609,10227
1610,8739
1611,8739
1612,10227
1613,10227
1614,8739
1615,10227
1616,8739
1617,10227
1618,8739
1619,10227
1620,8697
1621,8697
1622,8697
1623,8697
1624,8650
1625,7400
1626,8650
1627,9900
1628,8739
1629,10227
1630,8739
1631,10227
1632,8739
1633,10227
1634,8697
1635,8697
1636,8697
1637,8697
1638,8739
1639,10227
1640,8739
1641,10227
1642,10227
1643,8739
1644,7400
1645,8650
1646,9150
1647,10400
1648,13097
1649,13097
1650,13097
1651,13097
1652,8739
1653,10227
1654,10227
1655,8739
1656,10227
1657,8739
1658,9405
1659,9405
1660,8155
1661,8155
1662,8155
1663,9405
1664,13097
1665,13097
1666,13097
1667,13097
1668,10227
1669,8739
1670,8739
1671,8739
1672,10227
1673,10227
1674,8155
1675,9405
1676,8155
1677,9405
1678,8155
1679,9405
1680,8697
1681,8697
1682,8697
1683,8697
1684,9900
1685,8650
1686,8650
1687,7400
1688,10227
1689,8739
1690,8739
1691,8739
1692,10227
1693,10227
1694,8697
1695,8697
1696,8697
1697,8697
1698,8697
1699,8697
1700,8697
1701,8697
1702,7400
1703,8650
1704,8650
1705,9900
1706,10227
1707,10227
1708,8739
1709,8739
1710,10227
1711,8739
1712,7400
1713,8650
1714,8650
1715,9900
1716,10227
1717,8739
1718,10227
1719,10227
1720,8739
1721,8739
1722,14267
1723,11742
1724,14267
1725,8739
1726,10227
1727,10227
1728,10227
1729,8739
1730,8739
1731,8697
1732,8697
1733,8697
1734,8697
1735,7400
1736,8650
1737,8650
1738,9900
1739,10227
1740,8739
1741,10227
1742,8739
1743,8739
1744,10227
1745,8697
1746,8697
1747,8697
1748,8697
1749,9900
1750,7400
1751,8650
1752,8650
1753,8739
1754,8739
1755,10227
1756,8739
1757,10227
1758,10227
1759,8697
1760,8697
1761,8697
1762,8697
1763,8739
1764,8739
1765,10227
1766,8739
1767,10227
1768,10227
1769,7400
1770,8650
1771,8650
1772,9900
1773,8697
1774,8697
1775,8697
1776,8697
1777,8697
1778,8697
1779,8697
1780,8697
1781,7400
1782,8650
1783,8650
1784,9900
1785,10227
1786,10227
1787,8739
1788,8739
1789,10227
1790,8739
1791,9877
1792,8697
1793,9877
1794,8697
1795,10665
1796,11915
1797,10227
1798,8739
1799,10227
1800,8739
1801,10227
1802,11716
1803,13097
1804,10721
1805,13097
1806,10227
1807,8739
1808,10227
1809,10227
1810,8739
1811,8739
1812,10160
1813,12425
1814,13675
1815,8910
1816,9877
1817,13097
1818,9877
1819,8739
1820,10227
1821,10227
1822,11716
1823,10227
1824,11716
1825,8697
1826,8697
1827,8697
1828,8697
1829,7400
1830,8650
1831,8650
1832,9900
1833,10227
1834,8739
1835,10227
1836,8739
1837,8739
1838,10227
1839,8697
1840,8697
1841,8697
1842,8697
1843,8650
1844,8650
1845,9900
1846,7400
1847,8739
1848,10227
1849,10227
1850,8739
1851,8739
1852,10227
1853,8697
1854,8697
1855,8697
1856,8739
1857,10227
1858,8739
1859,10227
1860,10227
1861,8739
1862,9150
1863,8650
1864,7400
1865,10400
1866,13097
1867,10721
1868,13097
1869,13675
1870,12425
1871,8739
1872,10227
1873,10227
1874,8739
1875,8739
1876,10227
1877,13097
1878,11742
1879,13097
1880,8739
1881,8739
1882,10227
1883,8739
1884,10227
1885,10227
1886,11742
1887,13097
1888,13097
1889,10227
1890,8739
1891,8739
1892,10227
1893,8739
1894,10227
1895,13097
1896,11742
1897,13097
1898,8739
1899,10227
1900,8739
1901,10227
1902,8739
1903,10227
1904,8697
1905,8697
1906,8697
1907,8697
1908,9900
1909,7400
1910,8650
1911,8650
1912,8739
1913,10227
1914,10227
1915,8739
1916,10227
1917,8739
1918,8697
1919,8697
1920,8697
1921,7400
1922,8650
1923,10400
1924,9150
1925,8739
1926,10227
1927,10227
1928,8739
1929,10227
1930,8739
1931,8697
1932,9877
1933,8697
1934,8697
1935,10227
1936,8739
1937,10227
1938,8739
1939,10227
1940,8739
1941,8395
1942,9900
1943,9645
1944,8650
1945,8697
1946,13097
1947,13097
1948,13097
1949,10227
1950,8739
1951,8739
1952,10227
1953,8739
1954,10227
1955,8155
1956,9405
1957,9405
1958,9405
1959,8155
1960,8155
1961,8697
1962,8697
1963,8697
1964,8697
1965,8739
1966,10227
1967,8739
1968,10227
1969,8739
1970,10227
1971,7900
1972,9150
1973,9150
1974,10400
1975,19845
1976,18156
1977,32545
1978,9877
1979,8697
1980,9877
1981,8697
1982,10665
1983,11915
1984,8739
1985,8739
1986,10227
1987,10227
1988,11716
1989,10227
1990,8697
1991,8697
1992,8697
1993,10227
1994,8739
1995,10227
1996,8739
1997,10227
1998,8739
1999,7400
2000,8650
2001,9150
2002,10400
2003,8697
2004,8697
2005,8697
2006,8697
2007,7400
2008,8650
2009,8650
2010,9900
2011,8739
2012,10227
2013,8739
2014,10227
2015,8739
2016,10227
2017,13675
2018,12425
2019,8739
2020,8739
2021,10227
2022,10227
2023,8739
2024,10227
2025,13097
2026,11742
2027,13097
2028,8697
2029,8697
2030,8697
2031,8697
2032,10227
2033,8739
2034,10227
2035,8739
2036,10227
2037,8739
2038,7400
2039,8650
2040,8650
2041,9900
2042,8697
2043,8697
2044,8697
2045,10227
2046,10227
2047,8739
2048,8739
2049,8739
2050,10227
2051,7400
2052,8650
2053,8650
2054,9900
2055,8697
2056,8697
2057,8697
2058,8697
2059,8739
2060,10227
2061,8739
2062,10227
2063,8739
2064,10227
2065,7900
2066,9150
2067,9150
2068,10400
2069,8697
2070,8697
2071,8697
2072,8697
2073,7400
2074,8650
2075,8650
2076,9900
2077,8739
2078,10227
2079,8739
2080,10227
2081,8739
2082,10227
2083,9877
2084,8697
2085,9877
2086,9877
2087,8697
2088,8697
2089,8697
2090,8697
2091,8739
2092,8739
2093,10227
2094,8739
2095,10227
2096,10227
2097,9150
2098,10400
2099,7900
2100,9150
2101,8697
2102,8697
2103,8697
2104,7400
2105,8650
2106,9150
2107,10400
2108,8739
2109,10227
2110,8739
2111,10227
2112,8739
2113,10227
2114,12425
2115,13675
2116,10227
2117,8739
2118,10227
2119,8739
2120,10227
2121,8739
2122,13097
2123,11742
2124,13097
2125,19845
2126,18156
2127,17666
2128,19155
2129,8697
2130,8697
2131,8697
2132,10227
2133,8739
2134,10227
2135,8739
2136,10227
2137,8739
2138,8697
2139,8697
2140,8697
2141,8697
2142,8650
2143,9900
2144,8650
2145,7400
2146,10227
2147,8739
2148,10227
2149,10227
2150,8739
2151,8739
2152,7900
2153,9150
2154,9150
2155,10400
2156,13097
2157,11742
2158,13097
2159,13675
2160,12425
2161,8739
2162,10227
2163,8739
2164,10227
2165,8739
2166,10227
2167,8697
2168,8697
2169,8697
2170,8697
2171,7400
2172,8650
2173,8650
2174,9900
2175,10227
2176,8739
2177,10227
2178,8739
2179,10227
2180,8739
2181,11742
2182,9877
2183,9877
2184,11716
2185,8739
2186,10227
2187,10227
2188,10227
2189,11716
2190,8697
2191,8697
2192,8697
2193,9150
2194,8650
2195,10400
2196,7400
2197,8739
2198,8739
2199,10227
2200,8739
2201,10227
2202,10227
2203,19845
2204,18156
2205,17666
2206,19155
2207,8697
2208,8697
2209,8697
2210,8697
2211,10227
2212,8739
2213,8739
2214,8739
2215,10227
2216,10227
2217,9150
2218,10400
2219,7400
2220,8650
2221,13097
2222,13097
2223,13097
2224,13097
2225,7400
2226,8650
2227,8650
2228,9900
2229,8697
2230,8697
2231,8697
2232,8697
2233,8739
2234,10227
2235,8739
2236,10227
2237,8739
2238,10227
2239,8650
2240,8650
2241,9900
2242,7400
2243,8697
2244,8697
2245,8697
2246,8650
2247,9150
2248,10400
2249,7400
2250,8739
2251,8739
2252,10227
2253,10227
2254,8739
2255,10227
2256,14267
2257,11742
2258,13097
2259,12425
2260,13675
2261,8739
2262,10227
2263,10227
2264,8739
2265,8739
2266,10227
2267,8697
2268,8697
2269,8697
2270,8697
2271,8739
2272,10227
2273,8739
2274,10227
2275,8739
2276,10227
2277,8650
2278,9150
2279,7400
2280,10400
2281,13097
2282,13097
2283,13097
2284,7400
2285,9900
2286,8650
2287,8650
2288,8739
2289,10227
2290,8739
2291,8739
2292,10227
2293,10227
2294,11742
2295,14267
2296,13097
2297,12425
2298,13675
2299,10227
2300,10227
2301,8739
2302,8739
2303,10227
2304,8739
2305,8697
2306,8697
2307,8697
2308,9900
2309,7400
2310,8650
2311,8650
2312,8739
2313,10227
2314,8739
2315,8739
2316,10227
2317,10227
2318,8697
2319,9877
2320,8697
2321,8697
2322,8739
2323,10227
2324,8739
2325,10227
2326,8739
2327,10227
2328,8395
2329,8650
2330,9645
2331,9900
2332,8697
2333,8697
2334,8697
2335,8697
2336,9900
2337,7400
2338,8650
2339,8650
2340,8739
2341,10227
2342,8739
2343,10227
2344,10227
2345,8739
2346,18156
2347,32545
2348,14267
2349,11742
2350,13097
2351,12425
2352,13675
2353,8739
2354,10227
2355,8739
2356,10227
2357,8739
2358,10227
2359,13097
2360,13097
2361,8697
2362,13097
2363,10227
2364,10227
2365,8739
2366,10227
2367,8739
2368,8739
2369,9405
2370,8155
2371,9405
2372,8155
2373,8155
2374,9405
2375,8697
2376,8697
2377,8697
2378,8697
2379,9900
2380,8650
2381,7400
2382,8650
2383,8739
2384,8739
2385,10227
2386,8739
2387,10227
2388,10227
2389,8697
2390,8697
2391,8697
2392,10400
2393,9150
2394,8650
2395,7400
2396,10227
2397,8739
2398,10227
2399,10227
2400,8739
2401,8739
2402,8697
2403,8697
2404,8697
2405,8697
2406,7400
2407,8650
2408,8650
2409,9900
2410,10227
2411,8739
2412,10227
2413,10227
2414,8739
2415,8739
2416,13097
2417,13097
2418,13097
2419,13097
2420,10227
2421,8739
2422,8739
2423,10227
2424,8739
2425,10227
2426,13097
2427,13097
2428,13097
2429,8697
2430,8739
2431,10227
2432,8739
2433,10227
2434,10227
2435,8739
2436,9405
2437,8155
2438,9405
2439,8155
2440,9405
2441,8155
2442,9405
2443,8155
2444,9405
2445,9405
2446,8155
2447,8155
2448,16800
2449,32545
2450,8697
2451,8697
2452,8697
2453,8697
2454,10227
2455,8739
2456,10227
2457,8739
2458,10227
2459,8739
2460,10400
2461,9150
2462,9150
2463,7900
2464,13097
2465,13097
2466,13097
2467,13097
2468,8739
2469,8739
2470,10227
2471,10227
2472,8739
2473,10227
2474,7400
2475,8650
2476,8650
2477,9900
2478,8697
2479,8697
2480,8697
2481,8697
2482,10227
2483,8739
2484,10227
2485,8739
2486,10227
2487,8739
2488,7400
2489,8650
2490,9150
2491,10400
2492,8697
2493,8697
2494,8697
2495,8697
2496,10227
2497,8739
2498,10227
2499,8739
2500,10227
2501,8739
2502,7400
2503,8650
2504,8650
2505,9900
2506,8697
2507,8697
2508,8697
2509,8697
2510,8650
2511,7400
2512,8650
2513,9900
2514,8739
2515,10227
2516,10227
2517,8739
2518,10227
2519,8739
2520,13097
2521,13097
2522,13097
2523,13097
2524,8739
2525,10227
2526,8739
2527,10227
2528,8739
2529,10227
2530,8155
2531,8155
2532,9405
2533,9405
2534,8155
2535,9405
2536,8697
2537,8697
2538,8697
2539,8697
2540,10227
2541,8739
2542,8739
2543,10227
2544,8739
2545,10227
2546,7400
2547,8650
2548,8650
2549,9900
2550,8697
2551,8697
2552,8697
2553,8650
2554,8650
2555,7400
2556,9900
2557,10227
2558,8739
2559,8739
2560,10227
2561,8739
2562,10227
2563,8697
2564,9877
2565,8697
2566,9877
2567,11716
2568,8739
2569,10227
2570,10227
2571,11716
2572,10227
2573,11915
2574,10665
2575,8697
2576,8697
2577,8697
2578,8697
2579,10227
2580,10227
2581,8739
2582,10227
2583,8739
2584,8739
2585,8650
2586,10400
2587,9150
2588,7400
2589,19845
2590,32545
2591,19845
2592,32545
2593,8697
2594,8697
2595,8697
2596,8697
2597,10227
2598,8739
2599,10227
2600,8739
2601,10227
2602,8739
2603,9900
2604,8650
2605,8650
2606,7400
2607,19845
2608,32545
2609,13097
2610,11742
2611,13097
2612,12425
2613,13675
2614,8739
2615,10227
2616,8739
2617,10227
2618,10227
2619,8739
2620,8697
2621,8697
2622,8697
2623,7400
2624,8650
2625,8650
2626,9900
2627,10227
2628,8739
2629,10227
2630,8739
2631,8739
2632,10227
2633,13097
2634,13097
2635,11742
2636,12425
2637,13675
2638,8739
2639,10227
2640,8739
2641,10227
2642,8739
2643,10227
2644,19845
2645,19845
2646,32545
2647,9877
2648,9877
2649,11742
2650,10160
2651,11410
2652,10227
2653,11716
2654,10227
2655,11716
2656,10227
2657,8739
2658,13097
2659,14267
2660,11742
2661,12425
2662,13675
2663,11716
2664,10227
2665,10227
2666,8739
2667,10227
2668,8739
2669,9877
2670,9877
2671,11742
2672,10160
2673,11410
2674,10227
2675,10227
2676,10227
2677,11716
2678,11716
2679,8739
2680,8697
2681,8697
2682,8697
2683,8697
2684,7400
2685,8650
2686,9150
2687,10400
2688,10227
2689,10227
2690,8739
2691,8739
2692,10227
2693,8739
2694,8697
2695,8697
2696,9877
2697,8697
2698,8395
2699,9645
2700,8650
2701,9900
2702,10227
2703,10227
2704,8739
2705,10227
2706,8739
2707,8739
2708,8697
2709,8697
2710,8697
2711,8739
2712,10227
2713,10227
2714,10227
2715,8739
2716,8739
2717,7400
2718,8650
2719,8650
2720,9900
2721,8697
2722,8697
2723,8697
2724,8697
2725,7400
2726,8650
2727,8650
2728,9900
2729,10227
2730,8739
2731,8739
2732,8739
2733,10227
2734,10227
2735,9877
2736,9877
2737,8697
2738,8697
2739,11915
2740,10665
2741,8739
2742,10227
2743,10227
2744,11716
2745,10227
2746,11716
2747,8697
2748,8697
2749,8697
2750,8697
2751,10227
2752,8739
2753,10227
2754,8739
2755,8739
2756,10227
2757,7900
2758,9150
2759,10400
2760,9150
2761,8697
2762,8697
2763,8697
2764,7400
2765,8650
2766,8650
2767,9900
2768,10227
2769,10227
2770,8739
2771,10227
2772,8739
2773,8739
2774,13097
2775,13097
2776,13097
2777,10227
2778,8739
2779,10227
2780,8739
2781,8739
2782,10227
2783,9405
2784,8155
2785,8155
2786,8155
2787,9405
2788,9405
2789,13097
2790,10721
2791,13097
2792,12425
2793,13675
2794,8739
2795,10227
2796,10227
2797,10227
2798,8739
2799,8739
2800,8697
2801,8697
2802,8697
2803,7400
2804,8650
2805,9150
2806,10400
2807,10227
2808,8739
2809,8739
2810,8739
2811,10227
2812,10227
2813,8697
2814,8697
2815,8697
2816,8650
2817,9900
2818,7400
2819,8650
2820,8739
2821,10227
2822,8739
2823,10227
2824,8739
2825,10227
2826,8697
2827,8697
2828,8697
2829,8697
2830,10227
2831,8739
2832,8739
2833,10227
2834,8739
2835,10227
2836,7400
2837,8650
2838,8650
2839,9900
2840,9900
2841,7400
2842,8650
2843,8650
2844,8697
2845,8697
2846,8697
2847,8697
2848,13097
2849,8697
2850,13097
2851,13097
2852,7400
2853,8650
2854,8650
2855,9900
2856,10227
2857,8739
2858,10227
2859,10227
2860,8739
2861,8739
2862,10227
2863,8739
2864,10227
2865,8739
2866,10227
2867,8739
2868,9405
2869,8155
2870,9405
2871,8155
2872,9405
2873,8155
2874,8697
2875,8697
2876,8697
2877,8697
2878,8739
2879,8739
2880,10227
2881,10227
2882,8739
2883,10227
2884,8650
2885,7400
2886,9900
2887,8650
2888,19845
2889,32545
2890,8697
2891,8697
2892,8697
2893,8697
2894,7400
2895,8650
2896,9150
2897,10400
2898,8739
2899,10227
2900,10227
2901,8739
2902,10227
2903,8739
2904,8697
2905,8697
2906,8697
2907,8697
2908,10227
2909,8739
2910,10227
2911,8739
2912,10227
2913,8739
2914,10400
2915,9150
2916,8650
2917,7400
2918,13097
2919,13097
2920,13097
2921,13097
2922,9900
2923,7400
2924,8650
2925,8650
2926,10227
2927,10227
2928,8739
2929,10227
2930,8739
2931,8739
2932,8697
2933,8697
2934,8697
2935,8697
2936,9150
2937,9150
2938,7900
2939,10400
2940,8739
2941,10227
2942,10227
2943,8739
2944,10227
2945,8739
2946,8697
2947,8697
2948,8697
2949,8697
2950,9900
2951,7400
2952,8650
2953,8650
2954,10227
2955,8739
2956,10227
2957,10227
2958,8739
2959,8739
2960,8697
2961,8697
2962,8697
2963,8697
2964,7900
2965,9150
2966,9150
2967,10400
2968,8739
2969,10227
2970,8739
2971,8739
2972,10227
2973,10227
2974,9877
2975,9877
2976,9877
2977,9877
2978,10665
2979,11915
2980,10227
2981,11716
2982,10227
2983,10227
2984,8739
2985,11716
2986,13097
2987,13097
2988,13097
2989,13097
2990,7400
2991,8650
2992,8650
2993,9900
2994,10227
2995,8739
2996,10227
2997,8739
2998,10227
2999,8739
3000,8697
3001,8697
3002,8697
3003,8697
3004,8650
3005,8650
3006,9900
3007,7400
3008,8739
3009,10227
3010,8739
3011,10227
3012,8739
3013,10227
3014,32545
3015,9877
3016,9877
3017,11742
3018,11410
3019,10160
3020,11716
3021,10227
3022,11716
3023,10227
3024,8739
3025,10227
3026,13097
3027,13097
3028,8697
3029,8739
3030,10227
3031,8739
3032,10227
3033,10227
3034,8739
3035,8650
3036,8650
3037,9900
3038,7400
3039,13097
3040,10721
3041,13097
3042,12425
3043,13675
3044,10227
3045,8739
3046,11716
3047,8739
3048,10227
3049,10227
3050,8697
3051,9877
3052,8697
3053,8697
3054,9900
3055,9645
3056,8395
3057,8650
3058,10227
3059,8739
3060,8739
3061,8739
3062,10227
3063,10227
3064,8697
3065,8697
3066,8697
3067,8697
3068,8697
3069,8697
3070,8697
3071,8697
3072,10227
3073,8739
3074,8739
3075,8739
3076,10227
3077,10227
3078,7400
3079,8650
3080,8650
3081,9900
3082,10227
3083,10227
3084,8739
3085,8739
3086,10227
3087,8739
3088,7400
3089,8650
3090,8650
3091,9900
3092,8697
3093,8697
3094,8697
3095,8650
3096,9900
3097,8650
3098,7400
3099,8739
3100,10227
3101,8739
3102,10227
3103,8739
3104,10227
3105,9877
3106,9877
3107,9877
3108,9877
3109,10665
3110,11915
3111,11716
3112,10227
3113,11716
3114,10227
3115,8739
3116,10227
3117,8697
3118,8697
3119,8697
3120,8697
3121,8650
3122,8650
3123,9900
3124,7400
3125,10227
3126,8739
3127,10227
3128,8739
3129,10227
3130,8739
3131,8697
3132,8697
3133,8697
3134,8697
3135,8739
3136,10227
3137,8739
3138,8739
3139,10227
3140,10227
3141,7400
3142,8650
3143,8650
3144,9900
3145,8697
3146,8697
3147,8697
3148,7400
3149,8650
3150,9150
3151,10400
3152,10227
3153,10227
3154,8739
3155,10227
3156,8739
3157,8739
3158,13097
3159,13097
3160,13097
3161,13097
3162,13097
3163,13097
3164,13097
3165,13097
3166,9405
3167,9405
3168,8155
3169,8155
3170,8155
3171,9405
3172,8739
3173,10227
3174,8739
3175,10227
3176,8739
3177,10227
3178,9405
3179,8155
3180,9405
3181,8155
3182,8155
3183,9405
3184,8739
3185,10227
3186,8739
3187,10227
3188,8739
3189,10227
3190,8697
3191,8697
3192,8697
3193,8697
3194,8739
3195,10227
3196,8739
3197,10227
3198,10227
3199,8739
3200,9900
3201,7400
3202,8650
3203,8650
3204,8697
3205,8697
3206,8697
3207,8697
3208,8650
3209,8650
3210,9900
3211,7400
3212,8739
3213,8739
3214,10227
3215,10227
3216,8739
3217,10227
3218,8697
3219,8697
3220,8697
3221,8697
3222,7400
3223,8650
3224,8650
3225,9900
3226,8739
3227,10227
3228,8739
3229,10227
3230,8739
3231,10227
3232,8697
3233,8697
3234,8697
3235,8697
3236,7400
3237,8650
3238,10400
3239,9150
3240,10227
3241,10227
3242,8739
3243,10227
3244,8739
3245,8739
3246,13097
3247,13097
3248,13097
3249,8739
3250,10227
3251,8739
3252,10227
3253,8739
3254,10227
3255,8155
3256,9405
3257,8155
3258,9405
3259,8155
3260,9405
3261,14267
3262,10721
3263,13097
3264,13675
3265,12425
3266,10227
3267,8739
3268,10227
3269,8739
3270,10227
3271,8739
3272,13097
3273,13097
3274,13097
3275,13097
3276,10227
3277,8739
3278,10227
3279,8739
3280,10227
3281,8739
3282,8697
3283,8697
3284,8697
3285,8697
3286,11742
3287,9877
3288,9877
3289,8739
3290,10227
3291,8739
3292,10227
3293,8739
3294,10227
3295,8155
3296,9405
3297,8155
3298,8155
3299,9405
3300,9405
3301,10227
3302,11716
3303,8739
3304,10227
3305,8739
3306,10227
3307,7400
3308,8650
3309,8650
3310,9900
3311,11410
3312,10160
3313,8697
3314,8697
3315,8697
3316,8697
3317,7400
3318,8650
3319,8650
3320,9900
3321,8739
3322,10227
3323,10227
3324,8739
3325,8739
3326,10227
3327,8697
3328,8697
3329,8697
3330,7400
3331,8650
3332,8650
3333,9900
3334,8739
3335,10227
3336,8739
3337,10227
3338,8739
3339,10227
3340,13097
3341,13097
3342,13097
3343,13097
3344,8739
3345,10227
3346,10227
3347,10227
3348,8739
3349,8739
3350,8697
3351,8697
3352,8697
3353,8697
3354,9405
3355,9405
3356,9405
3357,8155
3358,8155
3359,8155
3360,8739
3361,10227
3362,8739
3363,10227
3364,8739
3365,10227
3366,7400
3367,8650
3368,9900
3369,8650
3370,17666
3371,19155
3372,8697
3373,8697
3374,8697
3375,8697
3376,9900
3377,8650
3378,8650
3379,7400
3380,10227
3381,8739
3382,10227
3383,8739
3384,8739
3385,10227
3386,8697
3387,9877
3388,8697
3389,8697
3390,9900
3391,8650
3392,9645
3393,8395
3394,8739
3395,10227
3396,8739
3397,10227
3398,11716
3399,10227
3400,8697
3401,8697
3402,8697
3403,8739
3404,8739
3405,10227
3406,10227
3407,8739
3408,10227
3409,9900
3410,8650
3411,8650
3412,7400
3413,8697
3414,8697
3415,8697
3416,8697
3417,8650
3418,7400
3419,9150
3420,10400
3421,10227
3422,8739
3423,10227
3424,8739
3425,10227
3426,8739
3427,8697
3428,8697
3429,8697
3430,8697
3431,9900
3432,7400
3433,8650
3434,8650
3435,10227
3436,8739
3437,8739
3438,10227
3439,10227
3440,8739
3441,13097
3442,13097
3443,13097
3444,10227
3445,10227
3446,8739
3447,10227
3448,8739
3449,8739
3450,8155
3451,9405
3452,8155
3453,9405
3454,8155
3455,9405
3456,8697
3457,8697
3458,8697
3459,8739
3460,10227
3461,8739
3462,10227
3463,8739
3464,10227
3465,9900
3466,7400
3467,8650
3468,8650
3469,15455
3470,11742
3471,14267
3472,8739
3473,10227
3474,8739
3475,10227
3476,10227
3477,8739
3478,13097
3479,13097
3480,8697
3481,13097
3482,8739
3483,8739
3484,10227
3485,8739
3486,10227
3487,10227
3488,8155
3489,9405
3490,8155
3491,9405
3492,8155
3493,9405
3494,8697
3495,8697
3496,8697
3497,8697
3498,7400
3499,8650
3500,8650
3501,9900
3502,8739
3503,10227
3504,10227
3505,8739
3506,8739
3507,10227
3508,9877
3509,9877
3510,11742
3511,10160
3512,11410
3513,8739
3514,10227
3515,10227
3516,11716
3517,10227
3518,11716
3519,9877
3520,9877
3521,9877
3522,9877
3523,10665
3524,11915
3525,8739
3526,10227
3527,10227
3528,11716
3529,10227
3530,11716
3531,8697
3532,8697
3533,8697
3534,8697
3535,10227
3536,10227
3537,8739
3538,8739
3539,10227
3540,8739
3541,9900
3542,7400
3543,8650
3544,8650
3545,8697
3546,8697
3547,8697
3548,8697
3549,8739
3550,10227
3551,8739
3552,8739
3553,10227
3554,10227
3555,9900
3556,8650
3557,8650
3558,7400
3559,9877
3560,9877
3561,9877
3562,9877
3563,9877
3564,9877
3565,9877
3566,9877
3567,11716
3568,8739
3569,10227
3570,10227
3571,11716
3572,10227
3573,10227
3574,11716
3575,10227
3576,11716
3577,8739
3578,10227
3579,8697
3580,8697
3581,8697
3582,8697
3583,8739
3584,10227
3585,8739
3586,10227
3587,8739
3588,10227
3589,10400
3590,8650
3591,9150
3592,7400
3593,8697
3594,9877
3595,8697
3596,8697
3597,9645
3598,8650
3599,8395
3600,9900
3601,8739
3602,10227
3603,10227
3604,8739
3605,8739
3606,10227
3607,8697
3608,8697
3609,8697
3610,10400
3611,9150
3612,8650
3613,7400
3614,10227
3615,8739
3616,8739
3617,8739
3618,10227
3619,10227
3620,8697
3621,8697
3622,8697
3623,9150
3624,10400
3625,8650
3626,7400
3627,8697
3628,8697
3629,8697
3630,8697
3631,8739
3632,10227
3633,8739
3634,10227
3635,10227
3636,8739
3637,8650
3638,9900
3639,7400
3640,8650
3641,8739
3642,10227
3643,8739
3644,10227
3645,8739
3646,10227
3647,14267
3648,14267
3649,10721
3650,12425
3651,13675
3652,8739
3653,10227
3654,11716
3655,10227
3656,8739
3657,10227
3658,9877
3659,13097
3660,9877
3661,11410
3662,10160
3663,10227
3664,11716
3665,10227
3666,8739
3667,8739
3668,10227
3669,8697
3670,8697
3671,8697
3672,8697
3673,8650
3674,7400
3675,8650
3676,9900
3677,8739
3678,10227
3679,8739
3680,10227
3681,8739
3682,10227
3683,9877
3684,8697
3685,8697
3686,8697
3687,8395
3688,9645
3689,8650
3690,9900
3691,8739
3692,10227
3693,8739
3694,10227
3695,11716
3696,10227
3697,11742
3698,9877
3699,9877
3700,11716
3701,10227
3702,8739
3703,10227
3704,8739
3705,10227
3706,8697
3707,8697
3708,8697
3709,8697
3710,7400
3711,8650
3712,8650
3713,9900
3714,10227
3715,8739
3716,10227
3717,8739
3718,10227
3719,8739
3720,8697
3721,8697
3722,8697
3723,8697
3724,8739
3725,10227
3726,8739
3727,10227
3728,8739
3729,10227
3730,7400
3731,8650
3732,8650
3733,9900
3734,14267
3735,13097
3736,10721
3737,13675
3738,12425
3739,8739
3740,10227
3741,8739
3742,10227
3743,10227
3744,8739
3745,13097
3746,13097
3747,13097
3748,13097
3749,10227
3750,8739
3751,10227
3752,8739
3753,10227
3754,8739
3755,9900
3756,8650
3757,8650
3758,7400
3759,32545
3760,9877
3761,9877
3762,11742
3763,10227
3764,8739
3765,8739
3766,10227
3767,10227
3768,11716
3769,8697
3770,8697
3771,8697
3772,8697
3773,8650
3774,7400
3775,9150
3776,10400
3777,8739
3778,10227
3779,8739
3780,10227
3781,8739
3782,10227
3783,8697
3784,8697
3785,9877
3786,8697
3787,8395
3788,9645
3789,8650
3790,9900
3791,8739
3792,10227
3793,10227
3794,10227
3795,8739
3796,8739
3797,8697
3798,8697
3799,8697
3800,8697
3801,10227
3802,8739
3803,10227
3804,10227
3805,8739
3806,8739
3807,7400
3808,8650
3809,8650
3810,9900
3811,9877
3812,9877
3813,11742
3814,10160
3815,11410
3816,8739
3817,10227
3818,8739
3819,10227
3820,10227
3821,11716
3822,13097
3823,13097
3824,13097
3825,8697
3826,8739
3827,10227
3828,8739
3829,8739
3830,10227
3831,10227
3832,8155
3833,9405
3834,8155
3835,9405
3836,9405
3837,8155
3838,9405
3839,8155
3840,9405
3841,8155
3842,9405
3843,8155
3844,8697
3845,8697
3846,8697
3847,8739
3848,10227
3849,8739
3850,8739
3851,10227
3852,10227
3853,9900
3854,8650
3855,8650
3856,7400
3857,8697
3858,8697
3859,8697
3860,8697
3861,8739
3862,10227
3863,8739
3864,10227
3865,8739
3866,10227
3867,9900
3868,8650
3869,7400
3870,8650
3871,14267
3872,10721
3873,14267
3874,14267
3875,14267
3876,10721
3877,12425
3878,13675
3879,13675
3880,12425
3881,8739
3882,8739
3883,10227
3884,10227
3885,11716
3886,10227
3887,8739
3888,10227
3889,10227
3890,8739
3891,11716
3892,10227
3893,32545
3894,32545
3895,32545
3896,8697
3897,8697
3898,8697
3899,8697
3900,7400
3901,8650
3902,9900
3903,8650
3904,8739
3905,10227
3906,10227
3907,8739
3908,10227
3909,8739
3910,8697
3911,8697
3912,8697
3913,8697
3914,9900
3915,8650
3916,8650
3917,7400
3918,10227
3919,8739
3920,8739
3921,10227
3922,8739
3923,10227
3924,8697
3925,8697
3926,8697
3927,8697
3928,9900
3929,8650
3930,8650
3931,7400
3932,8739
3933,8739
3934,8739
3935,10227
3936,10227
3937,10227
3938,8697
3939,8697
3940,8697
3941,8697
3942,7900
3943,9150
3944,10400
3945,9150
3946,8739
3947,10227
3948,8739
3949,10227
3950,8739
3951,10227
3952,8697
3953,8697
3954,8697
3955,8697
3956,8739
3957,10227
3958,8739
3959,10227
3960,8739
3961,10227
3962,9900
3963,8650
3964,7400
3965,8650
3966,8697
3967,8697
3968,8697
3969,8697
3970,10227
3971,10227
3972,8739
3973,10227
3974,8739
3975,8739
3976,8697
3977,8697
3978,8697
3979,8697
3980,7400
3981,8650
3982,8650
3983,9900
3984,10227
3985,8739
3986,8739
3987,8739
3988,10227
3989,10227
3990,7400
3991,8650
3992,9900
3993,8650
3994,8697
3995,8697
3996,9877
3997,8697
3998,10227
3999,8739
4000,10227
4001,10227
4002,11716
4003,8739
4004,8395
4005,8650
4006,9900
4007,9645
4008,8697
4009,9877
4010,8697
4011,8697
4012,9645
4013,8650
4014,9900
4015,8395
4016,10227
4017,8739
4018,10227
4019,8739
4020,10227
4021,8739
4022,11742
4023,15455
4024,15455
4025,8739
4026,11716
4027,10227
4028,10227
4029,10227
4030,8739
4031,8697
4032,8697
4033,8697
4034,8697
4035,8697
4036,8697
4037,8697
4038,8697
4039,10227
4040,8739
4041,10227
4042,8739
4043,8739
4044,10227
4045,9900
4046,7400
4047,8650
4048,8650
4049,7400
4050,8650
4051,8650
4052,9900
4053,8739
4054,8739
4055,10227
4056,8739
4057,10227
4058,10227
4059,14267
4060,10721
4061,14267
4062,13675
4063,12425
4064,10227
4065,8739
4066,11716
4067,10227
4068,10227
4069,8739
4070,9877
4071,8697
4072,8697
4073,9877
4074,11915
4075,10665
4076,10227
4077,10227
4078,11716
4079,10227
4080,8739
4081,11716
4082,8697
4083,9877
4084,8697
4085,8697
4086,8395
4087,9645
4088,8650
4089,9900
4090,10227
4091,8739
4092,10227
4093,8739
4094,8739
4095,10227
4096,8697
4097,8697
4098,8697
4099,8697
4100,10227
4101,8739
4102,10227
4103,10227
4104,8739
4105,8739
4106,7400
4107,8650
4108,8650
4109,9900
4110,10227
4111,8739
4112,10227
4113,8739
4114,10227
4115,8739
4116,7400
4117,9900
4118,8650
4119,8650
4120,8697
4121,8697
4122,8697
4123,8697
4124,8697
4125,8697
4126,8697
4127,8697
4128,8650
4129,9900
4130,8650
4131,7400
4132,8739
4133,10227
4134,8739
4135,10227
4136,8739
4137,10227
4138,32545
4139,9877
4140,9877
4141,13097
4142,11716
4143,11716
4144,10227
4145,10227
4146,8739
4147,10227
4148,32545
4149,8697
4150,8697
4151,8697
4152,8697
4153,9900
4154,8650
4155,8650
4156,7400
4157,8739
4158,8739
4159,10227
4160,10227
4161,10227
4162,8739
4163,9877
4164,9877
4165,11742
4166,11410
4167,10160
4168,8739
4169,10227
4170,11716
4171,10227
4172,8739
4173,10227
4174,8697
4175,8697
4176,8697
4177,8697
4178,8739
4179,10227
4180,8739
4181,8739
4182,10227
4183,10227
4184,9900
4185,8650
4186,8650
4187,7400
4188,8697
4189,8697
4190,8697
4191,8697
4192,8739
4193,10227
4194,8739
4195,10227
4196,8739
4197,10227
4198,9900
4199,8650
4200,7400
4201,8650
4202,8697
4203,8697
4204,8697
4205,8697
4206,7900
4207,9150
4208,9150
4209,10400
4210,10227
4211,8739
4212,8739
4213,10227
4214,8739
4215,10227
4216,15455
4217,10721
4218,14267
4219,11716
4220,10227
4221,10227
4222,10227
4223,11716
4224,8739
4225,32545
4226,11742
4227,14267
4228,15455
4229,10227
4230,11716
4231,10227
4232,10227
4233,8739
4234,11716
4235,8697
4236,8697
4237,8697
4238,8697
4239,8650
4240,7400
4241,8650
4242,9900
4243,10227
4244,8739
4245,8739
4246,10227
4247,10227
4248,8739
4249,8697
4250,8697
4251,8697
4252,8697
4253,10227
4254,8739
4255,8739
4256,10227
4257,8739
4258,10227
4259,10400
4260,9150
4261,9150
4262,7900
4263,10721
4264,14267
4265,15455
4266,13675
4267,12425
4268,10227
4269,8739
4270,10227
4271,11716
4272,10227
4273,8739
4274,8697
4275,8697
4276,8697
4277,8697
4278,9900
4279,8650
4280,7400
4281,8650
4282,10227
4283,8739
4284,10227
4285,8739
4286,10227
4287,8739
4288,8697
4289,8697
4290,8697
4291,8697
4292,10400
4293,7400
4294,9150
4295,8650
4296,8739
4297,10227
4298,8739
4299,10227
4300,8739
4301,10227
4302,8697
4303,8697
4304,8697
4305,8697
4306,10227
4307,8739
4308,10227
4309,8739
4310,10227
4311,8739
4312,10400
4313,9150
4314,8650
4315,7400
4316,8697
4317,9877
4318,9877
4319,8697
4320,10665
4321,11915
4322,11716
4323,10227
4324,11716
4325,10227
4326,10227
4327,8739
4328,32545
4329,8697
4330,8697
4331,8697
4332,9877
4333,8395
4334,9645
4335,8650
4336,9900
4337,8739
4338,10227
4339,8739
4340,10227
4341,8739
4342,10227
4343,13097
4344,13097
4345,13097
4346,10227
4347,8739
4348,10227
4349,8739
4350,10227
4351,8739
4352,7400
4353,8650
4354,8650
4355,9900
4356,8697
4357,8697
4358,8697
4359,8697
4360,10227
4361,8739
4362,10227
4363,8739
4364,10227
4365,8739
4366,9900
4367,7400
4368,8650
4369,8650
4370,13097
4371,13097
4372,13097
4373,13097
4374,13097
4375,13097
4376,13097
4377,13097
4378,8739
4379,10227
4380,8739
4381,10227
4382,10227
4383,8739
4384,10227
4385,8739
4386,10227
4387,8739
4388,10227
4389,8739
4390,9405
4391,8155
4392,8155
4393,9405
4394,8155
4395,9405
4396,9405
4397,8155
4398,9405
4399,8155
4400,9405
4401,8155
4402,8697
4403,8697
4404,8697
4405,8697
4406,7400
4407,8650
4408,8650
4409,9900
4410,10227
4411,8739
4412,10227
4413,8739
4414,8739
4415,10227
4416,8697
4417,8697
4418,8697
4419,8697
4420,10227
4421,8739
4422,10227
4423,8739
4424,8739
4425,10227
4426,7400
4427,8650
4428,8650
4429,9900
4430,8697
4431,8697
4432,8697
4433,8697
4434,10227
4435,8739
4436,10227
4437,10227
4438,8739
4439,8739
4440,8650
4441,7400
4442,8650
4443,9900
4444,8697
4445,8697
4446,9877
4447,8697
4448,8395
4449,9645
4450,8650
4451,9900
4452,11716
4453,8739
4454,10227
4455,8739
4456,10227
4457,10227
4458,8697
4459,8697
4460,8697
4461,9877
4462,8739
4463,10227
4464,8739
4465,10227
4466,10227
4467,8739
4468,8697
4469,8697
4470,8697
4471,8697
4472,8395
4473,9645
4474,9900
4475,8650
4476,10227
4477,8739
4478,10227
4479,8739
4480,10227
4481,8739
4482,8650
4483,9900
4484,7400
4485,8650
4486,8697
4487,8697
4488,8697
4489,8697
4490,8697
4491,8697
4492,8697
4493,8697
4494,8650
4495,9900
4496,7400
4497,8650
4498,8650
4499,7400
4500,8650
4501,9900
4502,8739
4503,10227
4504,8739
4505,10227
4506,8739
4507,10227
4508,10227
4509,8739
4510,8739
4511,10227
4512,8739
4513,10227
4514,8697
4515,8697
4516,8697
4517,8697
4518,8739
4519,8739
4520,10227
4521,8739
4522,10227
4523,10227
4524,7400
4525,8650
4526,8650
4527,9900
4528,8697
4529,8697
4530,8697
4531,8697
4532,7400
4533,8650
4534,10400
4535,9150
4536,8739
4537,10227
4538,8739
4539,10227
4540,8739
4541,10227
4542,8697
4543,8697
4544,9877
4545,8697
4546,9900
4547,8395
4548,9645
4549,8650
4550,11716
4551,10227
4552,10227
4553,8739
4554,8739
4555,10227
4556,9877
4557,8697
4558,8697
4559,9877
4560,10721
4561,14267
4562,10665
4563,11915
4564,12425
4565,13675
4566,10227
4567,11716
4568,10227
4569,10227
4570,8739
4571,11716
4572,8739
4573,10227
4574,11716
4575,10227
4576,11716
4577,10227
4578,32545
4579,8697
4580,8697
4581,8697
4582,8697
4583,10400
4584,7900
4585,9150
4586,9150
4587,8739
4588,10227
4589,8739
4590,8739
4591,10227
4592,10227
4593,14267
4594,14267
4595,11742
4596,11716
4597,11716
4598,10227
4599,8739
4600,10227
4601,10227
4602,8697
4603,8697
4604,8697
4605,8697
4606,8650
4607,8650
4608,7400
4609,9900
4610,8739
4611,10227
4612,10227
4613,8739
4614,10227
4615,8739
4616,8697
4617,9877
4618,8697
4619,8697
4620,9900
4621,8395
4622,9645
4623,8650
4624,10227
4625,8739
4626,8739
4627,8739
4628,10227
4629,10227
4630,8697
4631,8697
4632,8697
4633,8697
4634,9900
4635,7400
4636,8650
4637,8650
4638,8739
4639,10227
4640,8739
4641,10227
4642,8739
4643,10227
4644,8697
4645,8697
4646,8697
4647,8697
4648,9900
4649,8650
4650,7400
4651,8650
4652,8739
4653,10227
4654,10227
4655,8739
4656,10227
4657,8739
4658,9877
4659,11742
4660,9877
4661,10160
4662,11410
4663,11716
4664,8739
4665,10227
4666,10227
4667,10227
4668,11716
4669,8697
4670,8697
4671,8697
4672,8697
4673,7400
4674,8650
4675,8650
4676,9900
4677,10227
4678,8739
4679,8739
4680,10227
4681,8739
4682,10227
4683,9877
4684,8697
4685,8697
4686,9877
4687,11716
4688,10227
4689,10227
4690,11716
4691,10227
4692,8739
4693,9877
4694,9877
4695,13097
4696,11716
4697,10227
4698,10227
4699,11716
4700,8739
4701,10227
4702,14267
4703,10721
4704,12425
4705,13675
4706,11716
4707,10227
4708,10227
4709,10227
4710,8739
4711,11716
4712,9877
4713,9877
4714,9877
4715,9877
4716,8739
4717,10227
4718,10227
4719,11716
4720,10227
4721,11716
4722,13097
4723,8697
4724,13097
4725,13097
4726,7400
4727,9900
4728,8650
4729,8650
4730,10227
4731,8739
4732,10227
4733,8739
4734,8739
4735,10227
4736,8697
4737,8697
4738,8697
4739,8697
4740,7900
4741,9150
4742,9150
4743,10400
4744,8739
4745,8739
4746,10227
4747,8739
4748,10227
4749,10227
4750,32545
4751,32545
4752,8697
4753,8697
4754,8697
4755,8697
4756,10227
4757,10227
4758,8739
4759,8739
4760,10227
4761,8739
4762,8650
4763,9900
4764,8650
4765,7400
4766,8697
4767,8697
4768,8697
4769,8697
4770,10227
4771,8739
4772,10227
4773,8739
4774,8739
4775,10227
4776,7400
4777,8650
4778,9150
4779,10400
4780,8697
4781,8697
4782,8697
4783,8697
4784,7400
4785,8650
4786,8650
4787,9900
4788,8739
4789,10227
4790,8739
4791,10227
4792,8739
4793,10227
4794,8697
4795,8697
4796,8697
4797,8697
4798,8739
4799,10227
4800,10227
4801,8739
4802,8739
4803,10227
4804,7900
4805,9150
4806,9150
4807,10400
4808,11742
4809,9877
4810,9877
4811,11410
4812,10160
4813,10227
4814,11716
4815,10227
4816,11716
4817,8739
4818,10227
4819,9877
4820,9877
4821,9877
4822,8697
4823,8739
4824,10227
4825,10227
4826,11716
4827,10227
4828,11716
4829,14267
4830,11742
4831,14267
4832,8739
4833,11716
4834,10227
4835,11716
4836,10227
4837,10227
4838,8697
4839,8697
4840,8697
4841,8697
4842,8697
4843,8697
4844,10227
4845,8739
4846,10227
4847,8739
4848,10227
4849,8739
4850,7400
4851,8650
4852,9150
4853,10400
4854,9150
4855,8650
4856,7400
4857,10400
4858,8739
4859,8739
4860,10227
4861,8739
4862,10227
4863,10227
4864,9877
4865,9877
4866,13097
4867,10227
4868,8739
4869,10227
4870,10227
4871,11716
4872,11716
4873,8697
4874,8697
4875,8697
4876,8697
4877,7400
4878,8650
4879,8650
4880,9900
4881,10227
4882,8739
4883,10227
4884,8739
4885,8739
4886,10227
4887,8697
4888,8697
4889,8697
4890,7400
4891,8650
4892,8650
4893,9900
4894,8739
4895,10227
4896,8739
4897,10227
4898,10227
4899,8739
4900,14267
4901,11742
4902,13097
4903,12425
4904,13675
4905,10227
4906,8739
4907,10227
4908,11716
4909,10227
4910,11716
4911,8697
4912,8697
4913,8697
4914,8697
4915,10227
4916,8739
4917,8739
4918,10227
4919,8739
4920,10227
4921,9900
4922,7400
4923,8650
4924,8650
4925,9877
4926,13097
4927,9877
4928,8739
4929,10227
4930,10227
4931,11716
4932,10227
4933,11716
4934,9877
4935,9877
4936,13097
4937,11716
4938,10227
4939,11716
4940,8739
4941,10227
4942,10227
4943,8697
4944,8697
4945,8697
4946,8697
4947,10227
4948,8739
4949,10227
4950,8739
4951,10227
4952,8739
4953,9150
4954,7400
4955,8650
4956,10400
4957,8697
4958,8697
4959,8697
4960,8697
4961,8697
4962,8697
4963,10227
4964,8739
4965,10227
4966,8739
4967,10227
4968,8739
4969,7400
4970,8650
4971,9150
4972,10400
4973,10400
4974,9150
4975,8650
4976,7400
4977,10227
4978,10227
4979,8739
4980,10227
4981,8739
4982,8739
4983,8697
4984,8697
4985,9877
4986,8697
4987,10227
4988,8739
4989,10227
4990,10227
4991,8739
4992,8739
4993,8650
4994,9900
4995,8395
4996,9645
4997,32545
4998,32545
4999,32545
